<annotation>
	<folder>JPEGImage</folder>
	<filename>0005.jpg</filename>
	<path>C:\Users\86181\Desktop\voc\JPEGImage\0005.jpg</path>
	<source>
		<database>Unknown</database>
	</source>
	<size>
		<width>1080</width>
		<height>1920</height>
		<depth>3</depth>
	</size>
	<segmented>0</segmented>
	<object>
		<name>diaogou</name>
		<pose>Unspecified</pose>
		<truncated>0</truncated>
		<difficult>0</difficult>
		<bndbox>
			<xmin>716</xmin>
			<ymin>438</ymin>
			<xmax>845</xmax>
			<ymax>601</ymax>
		</bndbox>
	</object>
</annotation>
