<annotation>
	<folder>JPEGImage</folder>
	<filename>0235.jpg</filename>
	<path>C:\Users\86181\Desktop\voc\JPEGImage\0235.jpg</path>
	<source>
		<database>Unknown</database>
	</source>
	<size>
		<width>720</width>
		<height>1280</height>
		<depth>3</depth>
	</size>
	<segmented>0</segmented>
	<object>
		<name>diaogou</name>
		<pose>Unspecified</pose>
		<truncated>0</truncated>
		<difficult>0</difficult>
		<bndbox>
			<xmin>371</xmin>
			<ymin>637</ymin>
			<xmax>443</xmax>
			<ymax>794</ymax>
		</bndbox>
	</object>
</annotation>
