<annotation>
	<folder>JPEGImage</folder>
	<filename>0349.jpg</filename>
	<path>C:\Users\86181\Desktop\voc\JPEGImage\0349.jpg</path>
	<source>
		<database>Unknown</database>
	</source>
	<size>
		<width>1080</width>
		<height>1920</height>
		<depth>3</depth>
	</size>
	<segmented>0</segmented>
	<object>
		<name>diaogou</name>
		<pose>Unspecified</pose>
		<truncated>0</truncated>
		<difficult>0</difficult>
		<bndbox>
			<xmin>545</xmin>
			<ymin>309</ymin>
			<xmax>656</xmax>
			<ymax>497</ymax>
		</bndbox>
	</object>
</annotation>
