<annotation>
	<folder>JPEGImage</folder>
	<filename>0371.jpg</filename>
	<path>C:\Users\86181\Desktop\voc\JPEGImage\0371.jpg</path>
	<source>
		<database>Unknown</database>
	</source>
	<size>
		<width>1080</width>
		<height>1920</height>
		<depth>3</depth>
	</size>
	<segmented>0</segmented>
	<object>
		<name>diaogou</name>
		<pose>Unspecified</pose>
		<truncated>0</truncated>
		<difficult>0</difficult>
		<bndbox>
			<xmin>541</xmin>
			<ymin>317</ymin>
			<xmax>664</xmax>
			<ymax>511</ymax>
		</bndbox>
	</object>
</annotation>
